"effect","df1","df2","F","p","EtaSq"
"1wayANOVA:frequency","1","7","143.626028842277","6.41403277146374e-06","0.946849346681245"
"2wayANOVA:answer","3","21","31.6664085544767","5.56365145379248e-08","0.678459847725473"
"2wayANOVA:stimulus","3","84","26.3910348601234","4.02387546879189e-12","0.231520573106736"
"2wayANOVA:interaction","9","84","17.5227645408962","6.11472538702688e-16","0.37503969487544"
