"effect","df1","df2","F","p","EtaSq"
"1wayANOVA:frequency","1","8","0.198032593163748","0.66810797555397","0.0241444923851969"
"2wayANOVA:answerWithFreq","3","24","40.6305248761926","1.45763883312735e-09","0.664762699417507"
"2wayANOVA:stimulus","3","96","26.5782072454969","1.33643879144747e-12","0.249698508074051"
"2wayANOVA:interaction","9","96","10.0515817443504","9.60440463986743e-11","0.274089865255185"
