"effect","df1","df2","F","p","EtaSq"
"1wayANOVA:frequency","1","8","0.198032593163748","0.66810797555397","0.0241444923851969"
"2wayANOVA:answerWithFreq","3","24","40.6305248761926","0.00000000145763883312735","0.664762699417507"
"2wayANOVA:stimulus","3","96","26.5782072454969","0.00000000000133643879144747","0.249698508074051"
"2wayANOVA:interaction","9","96","10.0515817443504","0.0000000000960440463986743","0.274089865255185"
